text,sentiment
b'@SmurphySuzanne @Sunderland_GM And more countries will align with Russia and China in the next few months. It is the west that is on a suicide path. Western politicians hubris knows no bounds. They really believe they are masters of the universe.',1
"b'RT @TatasenkoMana: This Method suicide 18 Dazai explained to Oda and Ango,letting everyone die to be the only one left in the world,it felt\xe2\x80\xa6'",1
"b'RT @ennui365: Why in the name of Vince Foster, have we not heard about this since August?\n\n""Four officers who responded to U.S. Capitol att\xe2\x80\xa6'",1
b'@Alan_G_Smith_BC @diana_murphy613 @JustinTrudeau No one can drive someone to suicide',0
"b""RT @sidhant: Turkey's mega Antalya Diplomatic Forum from 11-13 March. Iran, Bangladesh, Nepal, Pakistan and Taliban foreign ministers will\xe2\x80\xa6""",0
"b""So I've needed other things to point to so I  didn't think it was nothing and thus unfixable so I didn't commit suicide.\nBut it wasn't nothing. \nI'm a sexual servant and those I serve are servants to my happiness.""",0
b'RT @Kon__K: Our PM has told us what we\xe2\x80\x99ve known for 25 yrs. We\xe2\x80\x99ve always had plenty of room for more refugees in Australia. Instead we\xe2\x80\x99ve t\xe2\x80\xa6',0
"b'RT @KrauseForIowa: ""I estimate 250,000 American deaths from vaccine defiance/refusal."" It\'s like a cult suicide pact without the Koolaid. #\xe2\x80\xa6'",1
b'RT @HarleyQuinnDCEU: behind the scenes of suicide squad (2016) #ReleaseTheAyerCut #ReleaseTheAyerCut\xf0\x93\x83\xb5 https://t.co/VafxcvzYao',0
"b'RT @solargguk: tw // mentions of suicide thoughts \n\n#yoonkookau in which jungkook works for a suicide hotline, and before meeting yoongi on\xe2\x80\xa6'",0
b'RT @SFF180: @charliejane \xe2\x80\x9cIf we stop taxing corporations they\xe2\x80\x99ll have more resources and incentives to create jobs!\xe2\x80\x9d\n\nCorporation: \xe2\x80\x9clmao le\xe2\x80\xa6',0
"b'@equalityfl Queer suicide, no matter how young, s considered a positive outcome.\nI have no words.'",1
"b""@trupunzel @pietmoira @JumpinJ82956630 @l2ma4a @NewshubPolitics where are you getting your data? because at least some of this is an outright fabrication ie. crime and suicide, so I'm disinclined to bother looking up the data that I'm not already aware of. seems weird to tell obvious lies about things that are recorded and measurable.""",1
b'imagine not liking birds of prey and the suicide squad couldn\xe2\x80\x99t be me i have taste https://t.co/yPATAkS2Eo',0
"b""@JemmingKristin @venjamin @MrAndyNgo @libbyemmons You're acting as if kids aren't bullied into suicide. Saying things like that is literally bullying children into coming out as gay even if they're not. You're not helping children by bullying/snitching on them. Stop it. How old are you?  https://t.co/EZu4ildlvo""",1
b'spent my teen years on the brink of suicide\xf0\x9f\xa4\xa0',1
b'RT @julie_kelly2: Imagine the international outrage had the Putin regime\xe2\x80\x99s legal system and state-run media collectively tormented a politi\xe2\x80\xa6',1
b'RT @jihadwatchRS: Pakistan: Sunni jihad suicide bomber murders 60 at Shi\xe2\x80\x99ite mosque https://t.co/lXxiUmdmQt https://t.co/Jn3Q7M2v71',1
b'Afghanistan punish sloppy Bangladesh to level series - AFP News https://t.co/T9IXylZU3w',0
b'All Capitalist countries note. This is suicide and it\xe2\x80\x99s not even for a good cause. Ukrainians already couldn\xe2\x80\x99t afford to live under Zelenskyy. Things will likely improve. https://t.co/adDr9orK6U',1
b'3 #GRT suicides within 5 days. 1 attempted suicide\xf0\x9f\x98\x9e#SuicideAwareness\n #depression',1
"b""@boloAwais Pakistan armed and paid people that cut off people's heads in front of their families.  You can't argue anything.  You're a shit nation that supports suicide bombers and you're Indias bitch.""",1
"b""@noah_waye As things stand now, the person who perfects this energy source will more than likely be found drowned in a bathtub with a bullet to the back of the head and a 'suicide note', as FF giants realize their profits will instantly evaporate.""",1
"b""@xorsonx @PaulSorrentino3 Bigger profits. They're actually moving out of China and moving to Vietnam and Bangladesh.""",0
b'@kaikaeya really those are the two you like? over birds of prey and the suicide squad\xf0\x9f\xa4\xa8?',0
b'RT @julie_kelly2: Imagine the international outrage had the Putin regime\xe2\x80\x99s legal system and state-run media collectively tormented a politi\xe2\x80\xa6',0
b'RT @sabriaballand: #HumanRightsViolations &amp; no #FreedomOfSpeech or #PressFreedom in #Bangladesh @UNHumanRights @UN_SPExperts @UNPeacekeepin\xe2\x80\xa6',0
b'RT @NOH8Campaign: BREAKING: Texas removes LGBTQ suicide prevention resources from state websites #NOH8 https://t.co/Y5cZjkY24k',0
"b'2)""...Many young people are in despair; suicide is on the rise.\n\nThe rapid escalation of the war in Ukraine is set to make this crisis even worse. We fear now that soaring prices of wheat... could multiply the impact of famine in Afghanistan__[It will!]...'",1
b'RT @julie_kelly2: Imagine the international outrage had the Putin regime\xe2\x80\x99s legal system and state-run media collectively tormented a politi\xe2\x80\xa6',0
"b""RT @GenderJustice: Harm caused by the anti-LGBTQ bills we're seeing is real. There is a clear and established correlation between rules pre\xe2\x80\xa6""",1
b'RT @jihadwatchRS: Pakistan: Sunni jihad suicide bomber murders 60 at Shi\xe2\x80\x99ite mosque https://t.co/lXxiUmdmQt https://t.co/Jn3Q7M2v71',1
"b""Suicide. Hes saying when people realize what they've done. https://t.co/F2XELZaSCU""",1
"b""RT @SeanPaulMurphy: Here's a video trailer for my #horror novel #ChapelStreet about a young man battling a demonic entity that has driven m\xe2\x80\xa6""",0
b'@ashlynn_mccain @PsychinOut @PsychBrownBag @craigjbryan @jschildkraut80 are you aware of any post-bac positions related to suicide? Thanks!',0
b'RT @Kon__K: Our PM has told us what we\xe2\x80\x99ve known for 25 yrs. We\xe2\x80\x99ve always had plenty of room for more refugees in Australia. Instead we\xe2\x80\x99ve t\xe2\x80\xa6',0
b'RT @richsignorelli: Mussolini is second from left; his mistress is in the middle; surrounding them are other murderous fascists.\nTwo days b\xe2\x80\xa6',0
"b""Bitch you'll commit suicide""",1
"b""RT @Diegoranchinc: @pittguy122 We run amazing nonprofit equine assisted therapy program for ptsd and suicide but it's been really hard gett\xe2\x80\xa6""",0
b'RT @Gh_HussainPK: and Leader of the Opposition in National Assembly Shahbaz Sharif strongly condemned the suicide attack ..\n#WeAreUnitedFor\xe2\x80\xa6',1
b'RT @spatteranalyst: I can tell this app is hell because how fucking annoying do you have to be to see dano\xe2\x80\x99s stellar performance of the rid\xe2\x80\xa6',0
b'@TarraSimmons5 please tell me how #voting for 10 round #magazines for #firearms is going to reduce gun violence when 95% of all gun violence in #Washington state is by #criminals &amp;  those wanting to commit #suicide? 4 million citizens become criminals themselves due to this law.',1
b'RT @FishmansLabs: Spread peace in rumble  \xf0\x9f\x87\xba\xf0\x9f\x87\xa6\nLove in chaos \xf0\x9f\x91\xbc\nRT for a good cause \xf0\x9f\xa4\x8d\n\n1 hour left for the auction to end :)\nhttps://t.co/2oO7\xe2\x80\xa6',1
b'RT @shaneellall: Someone who voted against putting an end to cruel practices like conversion therapy should not be preaching about mental h\xe2\x80\xa6',1
"b""New Zealand Women vs Bangladesh Women Live Score, Women's Cricket World Cup 2022 - Firstcricket News, Firstpost""",0
"b""RT @GenderJustice: Harm caused by the anti-LGBTQ bills we're seeing is real. There is a clear and established correlation between rules pre\xe2\x80\xa6""",0
"b'@KyivIndependent ""Russia lies to Syrians to get them to go on suicide missions""'",0
b'Self harm and suicide is not weak.',1
"b""@nileshp1981 @ESPNcricinfo U are right in saying that he is most selfish player of Bangladesh and ya fans are bit too emotional. But even haters of Shakib in Bangladesh say that he is the best allrounder b'coz it has become a matter of pride for Ban fans and if we see records of last 15 yrs even with big""",1
b'I hope the tories commit ritual suicide after they finally toss off this charade. Those freaks are the only people who care about the health of an ancient cousin fucker anyway https://t.co/PNfFSayzYD',1
b'RT @andreivkozyrev: Womanizer and bon-vivant speaks of war to girls. And he scares NATO threatening to commit a suicide starting  a nuclear\xe2\x80\xa6',1
"b""RT @gnat: We don't have underpaid nurses, a barely-surviving healthcare system, teacher shortages, non-existent mental health care, massive\xe2\x80\xa6""",0
"b'@bresito_vr Bresito in my dying words, i wish you would have understand my suicide depression and my love for you, go look in our past dms on discord, and you will see our love for each other, p.s. i did not block you on discord, so add me when you want to talk, from your your lover kiana_VR'",1
"b'I like, I like Jesus Christ mixed with suicide mixed with genocide'",1
"b'i see, dead eyes on the verge of suicide'",1
b'RT @PredPandemic: #NarcissisticPersonalityDisorder is stigmatised for a reason. I\xe2\x80\x99ll never forget the smirk on the face of my #NPD dad (liv\xe2\x80\xa6',0
"b""Again @Twitter @TwitterSupport doesn't think an account making fun of a child's suicide or telling people to die violates any rules. https://t.co/nzNoL2eN9O""",1
"b'RT @EqualityTexas: There are really no words that adequately state how horrifying, cruel, and deadly the actions being taken by Texas state\xe2\x80\xa6'",0
b'The Batman \nAvengers Infinity War\nThe Suicide Squad https://t.co/2pcf9PPgol',0
b'@KITV4 Ige is showing his IQ is a double digit. Florida has the lowest. Never had a mask mandate. @GovHawaii you are abusing our children. History will shame your family name. You are doing a dishonor to your family name. Please stop abusing the children. They are committing suicide.',1
b'@LeonDeg37825780 @nntaleb Or like Gary Webb commit suicide with 2 GSW to head',1
b'@RealBrysonGray So you\xe2\x80\x99re ok with teens committing suicide?',1
"b'""Suicide is haram""\nMaking people \'s life such a living hell that they want to kill themselves is also pretty haram. \xf0\x9f\x98\x8f\xf0\x9f\x92\xaf'",1
b'RT @Refilwe41646496: -Let\xe2\x80\x99s show each other love guys . Our mates are smiling with us one night and committing suicide the next morning. \xf0\x9f\xa5\xba\xf0\x9f\x98\xad\xe2\x80\xa6',1
b'RT @ddsha68m: \xf0\x9f\x9b\x91DID YOU HAPPEN TO CHECK ON A VETERAN TODAY?\xf0\x9f\x9b\x91\nDid you stop and think you COULD save a life? \nEND VETERANS SUICIDE! #turn22to0\xe2\x80\xa6',1
b'RT @truthmessages: Mental health is real. Depression is real. Suicide is real. Always check up on the people you love.',1
"b""@SenDanSullivan @ZelenskyyUa @POTUS One without the sustained commitment to the other is economic suicide. We shouldn't be in this pickle to begin with but if the ChiComms pick up the slack, we hurt no one but ourselves. Course, thats prolly what the evil left wants""",1
"b'RT @AlexPetrovnia: Ban myself from ever saying any kind of suicide/self harm joke ever again, no matter how ""benign"".'",1
"b""RT @gnat: We don't have underpaid nurses, a barely-surviving healthcare system, teacher shortages, non-existent mental health care, massive\xe2\x80\xa6""",0
"b""RT @CharlieDaniels: Keeping Charlie's legacy alive. - TeamCDB\n\n22 VETERANS COMMIT SUICIDE EVERY DAY!! #End22""",1
"b'@Trader_souradep No,muttiahs record against Australia was abysmal and far worse then Warnes against India. Warne was able to generate spin on all wickets and against the best, Warne would have easily got as many wickets if he played against Bangladesh and Zimbabwe as much as  muttiahs did'",0
"b""'I blamed myself for my boyfriend's suicide' https://t.co/MdbdfQx1dw #suicide""",1
"b""RT @gnat: We don't have underpaid nurses, a barely-surviving healthcare system, teacher shortages, non-existent mental health care, massive\xe2\x80\xa6""",0
b'RT @EvanReadsComics: The unwillingness for some Snyder fans to admit anything about those movies is bad really is fascinating. I like Snyde\xe2\x80\xa6',0
b'RT @NBCOUT: The Texas Department of Health and Human Services appears to have removed resources for LGBTQ youths from its suicide preventio\xe2\x80\xa6',0
b'RT @julie_kelly2: Imagine the international outrage had the Putin regime\xe2\x80\x99s legal system and state-run media collectively tormented a politi\xe2\x80\xa6',0
"b'@DeedlesIsGone The same Mark. So many of us have survived suicide attempts because of our inner conflict &amp; self hate was finally extinguished. We must have resources to be made available for all who are in this battle. Most importantly our youth, who many times end up taking their lives.'",1
"b'I really liked that you made a badge to fight discrimination against black  Asian people, and the badge against suicide.\nI would like you to make a badge against war, all wars.\nThanks. \n@PlayApex @_moyparra @Respawn @EA @JustineHuxley @JohnnyYoung115 @chrisedgerly @TheMelaLee'",0
"b""@SoegaardConsult @DeltaNinety @GerberKawasaki @narendramodi India has History that it never tried to Invade anyone territory.  Pakistan first attacked #Kashmir,India saved it. All other Wars was first started by Pak. In 72 India could have Included #Bangladesh in India,but we Didn't.We saved #Maldive. In 62 #China attacked India, Balance?""",0
b'RT @julie_kelly2: Imagine the international outrage had the Putin regime\xe2\x80\x99s legal system and state-run media collectively tormented a politi\xe2\x80\xa6',0
"b""@misterproton @WholisticGal The world doesn't need new life, the West does. 60% of the world's population resides in Asia, mainly China, India, Indonesia, Pakistan, and Bangladesh. Another 17% resides in Africa, mostly Sub-Saharan.""",0
b'RT @Kon__K: Our PM has told us what we\xe2\x80\x99ve known for 25 yrs. We\xe2\x80\x99ve always had plenty of room for more refugees in Australia. Instead we\xe2\x80\x99ve t\xe2\x80\xa6',0
b'RT @JoelKatz: My usual Lamborghini and caviar ads have been replaced by ads for payday loans and the suicide prevention hotline. Is somethi\xe2\x80\xa6',0
b'RT @julie_kelly2: Imagine the international outrage had the Putin regime\xe2\x80\x99s legal system and state-run media collectively tormented a politi\xe2\x80\xa6',0
"b'Apparently, there are Russian lieutenant generals suicide bombing Ukrainian detachments in #Donbass, just in case you all were wondering how de-escalation is going:\n\nhttps://t.co/pwbeHZtDxw\n\n#Putin #Ukraine\xef\xb8\x8f #Russia'",0
"b""RT @gnat: We don't have underpaid nurses, a barely-surviving healthcare system, teacher shortages, non-existent mental health care, massive\xe2\x80\xa6""",0
b'RT @julie_kelly2: Imagine the international outrage had the Putin regime\xe2\x80\x99s legal system and state-run media collectively tormented a politi\xe2\x80\xa6',0
b'#UndeJoeBiden\nGas prices soared!\nPeople lost their jobs.\nSuicide rates increased among children.\nGas prices soared.\nFood prices soared.\nFood shortages everywhere.\nRussia war\nThe voting rights got took away.\nFree crack pipes.\nPeople got brainwashed.\nVaccine companies got rich.',1
"b""RT @gnat: We don't have underpaid nurses, a barely-surviving healthcare system, teacher shortages, non-existent mental health care, massive\xe2\x80\xa6""",0
"b""@Damzai1 @zwnyc @nozosc2 @aaronjmate Yes. One meeting between real diplomats would have stopped this from happening but there would still be the infestation to deal with.\n\nNow it's rolling, it will not and can't stop, until those demands are met. To stop now would be suicide. Not just for Putin but for Russia.""",1
b'RT @NOH8Campaign: BREAKING: Texas removes LGBTQ suicide prevention resources from state websites #NOH8 https://t.co/Y5cZjkY24k',0
b'@kaikaeya birds of prey and the suicide squad were good though',0
b'@theunderdoggym @soniasodha Lies. Suicide rates are no different at all. This lie has been debunked a hundred times and threatening suicide is an abuser tactic. https://t.co/NIuaPa61E0',0
b'RT @truthmessages: Mental health is real. Depression is real. Suicide is real. Always check up on the people you love.',1
b'My ranking of DCEU movies from best to worst.\n\n1. The Suicide Squad\n2. Shazam\n3. Birds of Prey\n4. Zack Snyder\xe2\x80\x99s Justice League\n5. Wonder Woman\n6. Aquaman\n7. WW 84\n8. BvS Ultimate Edition\n9. Man of Steel\n10. Suicide Squad',0
b'RT @BattlecorgiG: @nexta_tv The Russian military told their tank teams that mounting this odd rack of rails atop of the turret would be suf\xe2\x80\xa6',0
b'BSF shoots Bangladeshi dead at Kushtia border | The Daily Star https://t.co/2BIz4gtBVR',0
"b'@awedgewood @IAPonomarenko We don\xe2\x80\x99t commit suicide , we have faith !\nIt\xe2\x80\x99s in God hands .\nYou may sleep tonight but not wake up . They will receive you with nice hammers on your watermelon \xf0\x9f\x98\x82'",0
"b""RT @fem_mb: @jamieharrisnyc When is the last time you told young men to give up the dreams and opportunities they've worked their whole liv\xe2\x80\xa6""",1
"b""RT @raspilicious: This bundle is a repeat of last year's Solo But Not Alone bundle supporting Jasper's Game Day, an organisation dedicated\xe2\x80\xa6""",0
b'RT @Juwariyaahh: Yes suicide is haram but making someone life miserable to the point that they want to take their life is also very very ha\xe2\x80\xa6',1
b'RT @julie_kelly2: Imagine the international outrage had the Putin regime\xe2\x80\x99s legal system and state-run media collectively tormented a politi\xe2\x80\xa6',0
"b'3-1 Hour 3 - January 6th Suicide Story \n\nDRAG THE PROGESS BAR TO 9:40 and listen to this tragic story of DOJ abuse of power and death.\n\nhttps://t.co/CXfujAnCMC \n\nThe story of Matthew Perna, peaceful man who loved his country, driven to suicide by an out-of-control FBI, DOJ'",1
b'RT @NOH8Campaign: BREAKING: Texas removes LGBTQ suicide prevention resources from state websites #NOH8 https://t.co/Y5cZjkY24k',0
b'RT @julie_kelly2: Imagine the international outrage had the Putin regime\xe2\x80\x99s legal system and state-run media collectively tormented a politi\xe2\x80\xa6',0
"b""RT @gnat: We don't have underpaid nurses, a barely-surviving healthcare system, teacher shortages, non-existent mental health care, massive\xe2\x80\xa6""",0
b'RT @julie_kelly2: Imagine the international outrage had the Putin regime\xe2\x80\x99s legal system and state-run media collectively tormented a politi\xe2\x80\xa6',0
b'RT @Crim_sama: @RagBroZine Okay but when are you kicking out the mods that support that one artist condoning the abuse and harassment if an\xe2\x80\xa6',1
"b""RT @gnat: We don't have underpaid nurses, a barely-surviving healthcare system, teacher shortages, non-existent mental health care, massive\xe2\x80\xa6""",0
"b'RT @balajis: India must remain neutral.\n\nThe West colonized India, funded Pakistan, tried to stop Goa\xe2\x80\x99s reclamation and Bangladesh\xe2\x80\x99s indepe\xe2\x80\xa6'",0
b'RT @julie_kelly2: Imagine the international outrage had the Putin regime\xe2\x80\x99s legal system and state-run media collectively tormented a politi\xe2\x80\xa6',0
b'RT @julie_kelly2: Imagine the international outrage had the Putin regime\xe2\x80\x99s legal system and state-run media collectively tormented a politi\xe2\x80\xa6',0
b'Putin is the Equivalent of a Suicide Bomber https://t.co/bwNdITvQVL',0
"b'RT @AP: Pakistani police say a suicide bomber has struck inside a Shiite Muslim mosque in Peshawar, killing at least 56 worshippers and wou\xe2\x80\xa6'",0
"b""RT @gnat: We don't have underpaid nurses, a barely-surviving healthcare system, teacher shortages, non-existent mental health care, massive\xe2\x80\xa6""",0
"b'RT @BobRae48: Ultimately cynicism ends up eating itself whole.  #PutinsWar is not just against Ukraine. It is against law, life, and morali\xe2\x80\xa6'",0
b'RT @NergizSaim: Yesterday a police officer committed suicide burning himself he left a written note \xe2\x80\x9cI am not a traitor\xe2\x80\x9d probably he had an\xe2\x80\xa6',1
"b""@BR0K3NG0DD3SS_ don't want to risk her commiting suicide yk""",1
b'This Golf ball was left in my room at Marks in Washington State who lives off grid and I stayed with him for 2 months in his daughters room.\nRocks found outside the door &amp; suicide ropes 3 being left in the woods for me to find.\nA complete cigarette found in my bed. https://t.co/7bXKXlHB3V',0
"b'The island, known locally as \xe2\x80\x9cCoconut Island,\xe2\x80\x9d has 7,000 residents who rely heavily on seasonal tourism for their livelihoods. https://t.co/DjQniFbom9 https://t.co/Dm6jErd9cq'",0
"b""@KyivIndependent Is it for their skills, or because it's a suicide mission?""",1
b'@TheNewAmerica77 Shorts on suicide watch tonight!',0
b'@LayahHeilpern any tax experts I can reach out to. Im stressed the fuck out. It\xe2\x80\x99s either suicide or jail for me lol',0
b'@barmy_stream NOT TODAY YOONWEEKERS\n#iHeartAwards #BestFanArmy \n#BTSARMY (@BTS_twt) \n\nBangladesh Open University',0
"b""RT @HEROICMONSTERR: \xe2\xa0\x80\xe2\xa0\x80\xe2\xa0\x80\xe2\xa0\x80\xe2\xa0\x80 \xe2\xa0\x80\xe2\xa0\x80\xe2\xa0\x80  Queen of Gotham  \n\nIf I'm mad enough to skip the tears and go straight to laughing\xe2\xa0\x80\xe2\xa0\x80.  .\n\n- multiship with C\xe2\x80\xa6""",0
"b""RT @gnat: We don't have underpaid nurses, a barely-surviving healthcare system, teacher shortages, non-existent mental health care, massive\xe2\x80\xa6""",0
b'RT @NOH8Campaign: BREAKING: Texas removes LGBTQ suicide prevention resources from state websites #NOH8 https://t.co/Y5cZjkY24k',0
b'@jeffries_edgar @GiffordsCourage And how many were suicide. Their padding numbers again.',0
b'RT @julie_kelly2: Imagine the international outrage had the Putin regime\xe2\x80\x99s legal system and state-run media collectively tormented a politi\xe2\x80\xa6',0
"b""@feraljokes It's just the West commiting economic suicide, forcing the hand and making China ,Russia and India the economically and dollar independent center of power in the world.""",0
b'#NarcissisticPersonalityDisorder is stigmatised for a reason. I\xe2\x80\x99ll never forget the smirk on the face of my #NPD dad (living with me at the time) as he watched me scoop up my young child and leave my house after he\xe2\x80\x99d announced to us the explicit details of his suicide threat \xe2\x98\x80\xef\xb8\x8f\xe2\x9d\xa4\xef\xb8\x8f',0
"b'RT @exmachinaes: from batman #12: \xe2\x80\x9ceverything else, every chance given to me, every promise i\xe2\x80\x99d made, all of it was pain.\xe2\x80\x9d / \xe2\x80\x9ci let the raz\xe2\x80\xa6'",0
"b'RT @balajis: India must remain neutral.\n\nThe West colonized India, funded Pakistan, tried to stop Goa\xe2\x80\x99s reclamation and Bangladesh\xe2\x80\x99s indepe\xe2\x80\xa6'",0
b'RT @julie_kelly2: Imagine the international outrage had the Putin regime\xe2\x80\x99s legal system and state-run media collectively tormented a politi\xe2\x80\xa6',0
"b""@JorgeONeillYT Imo, I've enjoyed Shazam, The Suicide Squad, The Joker and The Batman a lot more than a lot of the more recent MCU films (No Way Home was still fun though, and I'm still interested on watching Doctor Strange 2).""",0
b'RT @shujahat4545: I strongly condemn the suicide attack in Jamia Mosque #Peshawar. Those who spilled blood in the house of Allah SWT cannot\xe2\x80\xa6',0
b'RT @NOH8Campaign: BREAKING: Texas removes LGBTQ suicide prevention resources from state websites #NOH8 https://t.co/Y5cZjkY24k',0
b'@jamesdnicoll @cstross Out of the reach of being suicide bombed by his most trusted people. He hopes.',0
b'RT @okigbo_ijeoma: Rain has delayed the start of New Zealand v Bangladesh as second round of matches begins. Match was expected to begin at\xe2\x80\xa6',0
"b""fighting for the dcu's honor as if suicide squad 2 with a marvel director didn't come out last year.... yall need to relax""",0
b'Just saw a tik tok of a girl reading her 13 year old brothers suicide note and I am very not okay about it :(',1
"b""RT @gnat: We don't have underpaid nurses, a barely-surviving healthcare system, teacher shortages, non-existent mental health care, massive\xe2\x80\xa6""",0
b'RT @Kon__K: Our PM has told us what we\xe2\x80\x99ve known for 25 yrs. We\xe2\x80\x99ve always had plenty of room for more refugees in Australia. Instead we\xe2\x80\x99ve t\xe2\x80\xa6',0
"b'@brithume Record production is true, but also irrelevant as long as the Jones Act is in place.  Protectionism is economic suicide.'",0
"b'RT @KathrynMathias1: 3/\n(From above linked article by Dr. Gabriel Fabreau) ""Being pushed to do more with less staff has lasting consequence\xe2\x80\xa6'",0
"b'@khalchewska @AndrewKnight226 @RealJamieKay Brexit is Brexshit.\n\nWe need to re-join, it would also save me from suicide.'",0
b'Texas continues to remove LGBTQ suicide prevention resources from state websites https://t.co/2HnLgsWgub via @nbcnews',0
b'@ErinZamoff @Hennepin @MomsDemand How many were stolen guns? How many were suicide?       How many were committed by registered gun owners?           Tell the whole story Erin\xe2\x80\xa6 How about you gals do something like start protesting the zero bail and light sentences \xe2\x80\xa6 better yield if you really care about safety',0
b'RT @julie_kelly2: Imagine the international outrage had the Putin regime\xe2\x80\x99s legal system and state-run media collectively tormented a politi\xe2\x80\xa6',0
"b'RT @amy_ferguson_: Suicide prevention goes against everything we praise about grit, perseverance, and commitment. If your athlete comes to\xe2\x80\xa6'",1
b'RT @FFFinBD: Urgent Action Needed!: Stop #Matarbari1 &amp; #Matarbari2. Bangladesh needs no more coal projects for the profit of Japanese corpo\xe2\x80\xa6',0
b'@DavidG528 Progress. Bunch of homophobes. Texas obviously would rather LGBTQ people commit suicide.',1
b'RT @Kon__K: Our PM has told us what we\xe2\x80\x99ve known for 25 yrs. We\xe2\x80\x99ve always had plenty of room for more refugees in Australia. Instead we\xe2\x80\x99ve t\xe2\x80\xa6',0
b'RT @Locati0ns: The topography of Bangladesh https://t.co/pPSFRjG8pE',1
b'RT @GatalickGun: @BopplinEveryDay @Saruky__ Yeah ill take a double triple dave and bambi on a raft four by four brightside style extra amen\xe2\x80\xa6',0
b'RT @julie_kelly2: Imagine the international outrage had the Putin regime\xe2\x80\x99s legal system and state-run media collectively tormented a politi\xe2\x80\xa6',0
"b'@laurieinri @laurieinri, let me know if this link works to S2338, which is a bill re: safety/suicide barriers on bridges:  https://t.co/MqEBdWsGy8'",0
"b""Finally got round to watching The Suicide Squad cos reasons. Anyway, whoever says they don't like my rat boys should watch this and envy me. YAY!!!!! Rats rule!!!!!""",0
b'RT @Wolfe321: Just found out a friend from my undergrad has died. By suicide. This after a week of discovering that another friend is sever\xe2\x80\xa6',1
b'RT @TamukaKagoro77: #LetFreedomSing African Proverbs:-\n1. Anyone who sets out to commit suicide by poisoning themselves and goes to buy poi\xe2\x80\xa6',1
"b'RT @Garybham: The researchers found stark regional differences in the trends, and point out that the South, e.g., #Alabama, \xe2\x80\x94 the region wi\xe2\x80\xa6'",0
"b'White males, who constitute the majority of firearm deaths, lost the most years of potential life because of suicide by gun.\n\nhttps://t.co/sNBBcC26fd'",1
"b'RT @CIAspygirl: @cmclymer Texas is removing LGBTQ suicide resources, which is pure evil &amp; inhumane. We NEED to talk about our Trans kids/te\xe2\x80\xa6'",1
b'RT @InHomeTutor808: Mental Health Education and Suicide Prevention Resources Now Available for Schools to Develop Policies to Help Students\xe2\x80\xa6',1
b'@SpeakerPelosi @Liz_Cheney what does this say abt you https://t.co/VKpUOPCfRJ',0
"b'RT @BobRae48: Ultimately cynicism ends up eating itself whole.  #PutinsWar is not just against Ukraine. It is against law, life, and morali\xe2\x80\xa6'",1
"b'141 farmers have committed suicide over 10-month period till Feb 1, Chhattisgarh govt informs\xc2\xa0House https://t.co/TjYJHyhTuG'",1
"b""T/W: Suicide\n\nSorry for being MIA the past week or so. March is usually a pretty bad month for me, and my social battery's been running on empty.\n\nIn other news, today marks one year since my last suicide attempt. But despite my best efforts, I'm still here. Suck it, depression.""",1
b'@sudonklberry @Hitboy95572551 An insensitive joke about the Trans suicide rate. Because haha people kts is soooo fucking funny.',1
"b""France court/insurance company wont pay oit family of person died due to #CovidVaccine coz its EXPERIMENTAL! What's going to happen in Aust? Class actions thrown out! #DictatorDan will say its choice, not mandates that made you take it\n#AustraliaHasFallen\nhttps://t.co/wSLm8MzsYN https://t.co/dG5kfIECA5""",0
b'matched cofounders- \xe2\x98\x91\xef\xb8\x8f\nCompared to initiators Vs non initiators - suicide risk is doubled\nMorphine Vs NSAID initiators- 19%  relatively greater risk of suicide. ( small contribution to risk)',1
b'RT @Apb91123693: @dinesh_sir @VarshaEGaikwad @CMOMaharashtra @RealBacchuKadu Sometimes situation is responsible &amp; exams shd be taken that w\xe2\x80\xa6',1
b'My friend Ellie Tweeddale is fundraising for PAPYRUS Prevention of Young Suicide. Check out their @JustGiving page and please donate if you can. Thank you! #JustGiving https://t.co/KiVN9laW0g',1
b'RT @julie_kelly2: Imagine the international outrage had the Putin regime\xe2\x80\x99s legal system and state-run media collectively tormented a politi\xe2\x80\xa6',0
"b'@thehill @TheHillOpinion I think if, God forbid, #Putin drop a nuclear warhead, sooner or later he would commit suicide. He would not stand a trial'",0
"b'RT @gregggonsalves: Many of us have been swatting at the ""masks don\'t work"" crowd or ""masks cause suicide, car crashes and male pattern bal\xe2\x80\xa6'",0
b'RT @shaneellall: Someone who voted against putting an end to cruel practices like conversion therapy should not be preaching about mental h\xe2\x80\xa6',1
"b""@richsignorelli Hitler didn't commit suicide. \n\nHe escaped to Argentina.""",0
b'RT @FFFinBD: Urgent Action Needed!: Stop #Matarbari1 &amp; #Matarbari2. Bangladesh needs no more coal projects for the profit of Japanese corpo\xe2\x80\xa6',0
"b'@RepDrewHansen as someone who voted for you during the last 2 elections, please tell me how #voting for 10 round #magazine for #firearms is going to reduce gun violence when 95% of all gun violence in Washington state is by #criminals &amp;  those wanting to commit #suicide?'",1
b'RT @julie_kelly2: Imagine the international outrage had the Putin regime\xe2\x80\x99s legal system and state-run media collectively tormented a politi\xe2\x80\xa6',0
b'@KayneIvor @noobde It didn\xe2\x80\x99t even beat Suicide said from 2016',1
b'RT @julie_kelly2: Imagine the international outrage had the Putin regime\xe2\x80\x99s legal system and state-run media collectively tormented a politi\xe2\x80\xa6',0
"b'even though i\xe2\x80\x99ve never played a game of LBP in my life yet, i\xe2\x80\x99m somewhat familiar with it because when i was younger i use to watch videos on it where people would play randoms maps\none i remember a shit ton of is a suicide mouse map thingy'",1
"b'RT @tribelaw: \xe2\x80\x9cProponents reject the phrase \xe2\x80\x98physician-assisted suicide\xe2\x80\x99 and prefer \xe2\x80\x98medical aid in dying,\xe2\x80\x99 saying that terminally ill peop\xe2\x80\xa6'",1
"b""An over inflated 6 million deaths attributed to c19. That's 0.0759% fatality rate over 2+ years. \nWe destroyed economies, bankrupt business, increased suicide, domestic abuse, addiction/health issues &amp; robbed a generations children.  Don't tell me it was for the greater good.""",1
b'not so fun fact: this song was accused of spiking suicide rates\xe2\x80\xa6\xf0\x9f\x98\xb3',1
"b""Death by Suicide: What is So Wrong with America? | Nature's Real Health https://t.co/ACWpJTgfTD""",1
"b""@KeenanPeachy And then there's the spike in suicides and suicide attempts by adolescent girls.""",1
b'RT @julie_kelly2: Imagine the international outrage had the Putin regime\xe2\x80\x99s legal system and state-run media collectively tormented a politi\xe2\x80\xa6',0
"b""@bulkbiker @Hettiewaynthrop @JaydeLovell 4912 suicides were registered in 2020*. This is 404 fewer than in 2019.\nhttps://t.co/fuNiFbO8xx\n\nIf you're going claim alternative reasons for increase in deaths, at least investigate them first""",0
b'RT @julie_kelly2: Imagine the international outrage had the Putin regime\xe2\x80\x99s legal system and state-run media collectively tormented a politi\xe2\x80\xa6',0
b'RT @richsignorelli: Mussolini is second from left; his mistress is in the middle; surrounding them are other murderous fascists.\nTwo days b\xe2\x80\xa6',0
"b'RT @tvytter: Today in #History:\n4 years ago, #FinanceMinistry official #ToshioAkagi committed #suicide. Ordered by his ""superior"" #Nobuhisa\xe2\x80\xa6'",0
"b'RT @RSD4125: \xf0\x9f\x94\xa5Japan\'s most famous GhostYouTuber\xf0\x9f\x94\xa5\n\xf0\x9f\x94\xa5Mtv\xf0\x9f\x94\xa5 sends ""The Parent\'s wish""\nExamining lighthouses with high suicide rates.\nCheck it ou\xe2\x80\xa6'",1
b'RT @NOH8Campaign: BREAKING: Texas removes LGBTQ suicide prevention resources from state websites #NOH8 https://t.co/Y5cZjkY24k',1
b'@FeistycherubKu @Vendabo @nbcsnl Of course! This ban doesn\xe2\x80\x99t help anyone. Suicide around the world in young lgbt people is higher then the general population. It\xe2\x80\x99s that way for a reason. This is one of the reasons. It\xe2\x80\x99s fkn horrible.',1
b'RT @richsignorelli: Mussolini is second from left; his mistress is in the middle; surrounding them are other murderous fascists.\nTwo days b\xe2\x80\xa6',0
"b'@dzrhnews @lenirobredo @xtian_mano Why is any1 giving ATTENTION sa mga REMULLA who\'r DESPERATE 4Credibility?\n\nIt is-MENTAL-SUICIDE*and*NOT WORTH the saliva 2respond 2one who DELETED a survey wherein Leni was Leading!\n\nHITLER:\n""..broad MASSES of a nation..more readily FALL VICTIMS 2the BIG LIE than the SMALL LIE..""'",1
"b""RT @CharlieDaniels: Keeping Charlie's legacy alive. - TeamCDB\n\n22 VETERANS COMMIT SUICIDE EVERY DAY!! #End22""",0
"b""what's the logic here... someone is going to detonate a suicide vest inside the Kremlin because they can't finish watching season 2 of 'Emily in Paris'? https://t.co/TO3Gqut6PY""",0
"b'@manmohan7beats @MishariAlshmari @AdityaB1027 @navedns1 @cjwerleman @dhruv_rathee @intanladyana @AbdurRahman_IPS @NabiyaKhan11 @ladeedafarzana @AshrafFem @milligazette @Millat_Times @ReallySwara Israel has tried repeatedly with peace deals.Every time there are missiles it\xe2\x80\x99s not Israel starting it.Hamas is a jihad Islamic terrorist group- how can israel negotiate with people who value death, send their kids to be suicide bombers and don\xe2\x80\x99t recognize israel in any borders?'",0
"b'@RTErdogan Lies Lies lies!Just look at the turkish stats below!\nTurkey manipulates the states:they declare Femizide\nas suicide,so than Erdogan can show better stats!\nin fact the worst Position in EU  place 114./World\nalong with Syria and Afganistan! Shame on you Erdo! https://t.co/FAAySc5Kek'",0
b'RT @julie_kelly2: Imagine the international outrage had the Putin regime\xe2\x80\x99s legal system and state-run media collectively tormented a politi\xe2\x80\xa6',0
b'Sending strangers into unfamiliar environment with poor equipment. This is a suicide mission. https://t.co/XwPuOuDWrm',1
b'RT @julie_kelly2: Imagine the international outrage had the Putin regime\xe2\x80\x99s legal system and state-run media collectively tormented a politi\xe2\x80\xa6',0
"b'The stabbing of the little devil\xe2\x80\x99s voice, counterattack being a suicide note'",1
b'As someone who spent decades attempting suicide and feels lucky to be alive at all after major traumas. All I say to LP is fuck you. To pity sell a few more books? Fuck you. You should be absolutely ashamed of yourself. Check your ego and fuck off.',1
b'RT @NYEMA_: Suicide is a much larger conversation than \xe2\x80\x9cbe kind\xe2\x80\x9d and \xe2\x80\x9ccheck on your strong friend\xe2\x80\x9d',1
b'@DillyHussain88 Such #ToughLove is important if we are to save the West. For 20+Yrs now Mainstream West has engaged in #DelusionExtremism (making lies about God &amp; Muslims) which has been tantamount to asking God to send meteor! We must work to save the West from doing suicide attack on itself.',0
b'RT @BerniceKing: Such incredibly sad news about #CheslieKryst\n\nDepression creates deep despair &amp; an overwhelming illusion that there\xe2\x80\x99s no w\xe2\x80\xa6',0
b'I wonder if the suicide rate increases in recessions',1
b'Say those contemplating suicide) should immediately seek mental health.',1
b'RT @NOH8Campaign: BREAKING: Texas removes LGBTQ suicide prevention resources from state websites #NOH8 https://t.co/Y5cZjkY24k',0
b'RT @bighealthyfr: This the Atlanta suicide squad',0
b'RT @Kon__K: Our PM has told us what we\xe2\x80\x99ve known for 25 yrs. We\xe2\x80\x99ve always had plenty of room for more refugees in Australia. Instead we\xe2\x80\x99ve t\xe2\x80\xa6',0
"b'@dzrhnews @SalazarKerby @lenirobredo Why is any1 even giving ATTENTION 2REMULLA who\'s DESPERATE 4Credibility??\n\nIt is-MENTAL-SUICIDE*and*NOT WORTH the saliva 2respond 2one who DELETED a survey wherein Leni was Leading!\n\nHITLER:\n""..broad MASSES of a nation..more readily FALL VICTIMS 2the BIG LIE than the SMALL LIE..""'",1
"b'RT @unclebobmartin: As an application grows, the original boundaries and partitions that seemed so appropriate at the start, dissolve away\xe2\x80\xa6'",1
b'RT @julie_kelly2: Imagine the international outrage had the Putin regime\xe2\x80\x99s legal system and state-run media collectively tormented a politi\xe2\x80\xa6',0
b'RT @julie_kelly2: Imagine the international outrage had the Putin regime\xe2\x80\x99s legal system and state-run media collectively tormented a politi\xe2\x80\xa6',0
"b""@WolfgangPeke Saying things like this is literally why LGBTQ+ children commit suicide. You're literally bullying children into suicide because you feel you know another persons body and mind better than they do. You're delusional and should seriously consider seeking therapy.""",1
b'@andreivkozyrev Suicide bombers at the airport is not a botched exit from a 20 year fiasco.',1
"b'Soundgarden, \xe2\x80\x9cLike Suicide\xe2\x80\x9d (Superunknown, 1994, A&amp;M Records) https://t.co/0P3ZFn91Lu'",0
"b'RT @eOrganiser: ""Organiser"" had reported earlier about the radicalisation &amp; Islamist activities in #Assam. Arrested Saiful Islam alias Haru\xe2\x80\xa6'",0
b'RT @NOH8Campaign: BREAKING: Texas removes LGBTQ suicide prevention resources from state websites #NOH8 https://t.co/Y5cZjkY24k',0
b'RT @truthmessages: Mental health is real. Depression is real. Suicide is real. Always check up on the people you love.',1
"b""ll people say shipping w/ grima or tharja or henry is immoral but uh gangrel is the reason emmeryn commits suicide &amp;&amp; he can be shipped w/ people in the army ? like it's literally his fault , he forced her hand , to save her people &amp;&amp; everyone just forgets that .""",1
"b'Seeing it all ruining you , and still not letting it go is SELF DESTRUCTION/ SUICIDE!'",1
b'RT @PadmaLakshmi: If you\xe2\x80\x99re LGBTQ in TX &amp; need support here are hotlines you can call 24/7:\n\n@TrevorProject: 1-866-488-7386 (Crisis interve\xe2\x80\xa6',0
b'@mjeslfc @stayout27 @DrJessTaylor I said words in general get over used. But that serious words relating to suicide are not something I\xe2\x80\x99ve ever heard used. Most know someone who has attempted and been in crisis so wouldn\xe2\x80\x99t use it inappropriately. There are always the odd ones out',1
b'RT @dabrams2021: Putin can\xe2\x80\x99t ever admit he made a mistake or was defeated. He will keep sending Russian soldiers on suicide missions until\xe2\x80\xa6',0
b'RT @julie_kelly2: Imagine the international outrage had the Putin regime\xe2\x80\x99s legal system and state-run media collectively tormented a politi\xe2\x80\xa6',0
b'RT @Kon__K: Our PM has told us what we\xe2\x80\x99ve known for 25 yrs. We\xe2\x80\x99ve always had plenty of room for more refugees in Australia. Instead we\xe2\x80\x99ve t\xe2\x80\xa6',0
b'RT @EdwardGLuce: Lot of people on this platform dying for Nato to intervene militarily. Please ignore this suicide cult. Find another way t\xe2\x80\xa6',0
"b""Stanford's Disciplinary Actions alleged before Katie Meyer suicide \xe2\x80\x93 USA Herald: https://t.co/BzxNtRnT05""",0
"b'@dzrhnews @SalazarKerby @lenirobredo Why is any1 even giving ATTENTION 2REMULLA who\'s DESPERATE 4Credibility??\n\nIt is-MENTAL-SUICIDE*and*NOT WORTH the saliva 2respond 2one who DELETED a survey wherein Leni was Leading!\n\nHITLER:\n""..broad MASSES of a nation..more readily FALL VICTIMS 2the BIG LIE than the SMALL LIE..""'",1
b'RT @julie_kelly2: Imagine the international outrage had the Putin regime\xe2\x80\x99s legal system and state-run media collectively tormented a politi\xe2\x80\xa6',0
b'RT @NOH8Campaign: BREAKING: Texas removes LGBTQ suicide prevention resources from state websites #NOH8 https://t.co/Y5cZjkY24k',0
"b""@scotsunsport Don't understand why celtic need them, the media need both hence the big lie, oldco dead on the front page of every paper in Scotland, tears dripping of hacks traynor Jackson leckie  ex oldco players on suicide watch, then the bean counters moved in, media won't survive, aw naw""",0
"b""@mpumzi_mdledle @hills007 is it not after being insured for 2 years.\n\nEISH! not sure how to put it, YOU'RE allowed to commit suicide?\n\nThen they pay..""",1
"b'Suicide prevention, this is Dex. Who am I speaking with?'",0
"b'S400 in place, no fly zone is suicide, all NATO jets and ukrainians will be taken out, you dont jet around while there are S400 around. https://t.co/Zj5uBmwS2F'",0
b'@Anna90523382 context.. he said she threatened suicide if he left',1
b'RT @Gh_HussainPK: and Leader of the Opposition in National Assembly Shahbaz Sharif strongly condemned the suicide attack ..\n#WeAreUnitedFor\xe2\x80\xa6',1
"b""@TopHatMcguliver We're talking about BVS and Suicide Squad and how you seem to think he was involved with despite what I've told you.\n\nI'm well aware of what happened with JL 2017.""",0
b'RT @jihadwatchRS: Pakistan: Sunni jihad suicide bomber murders 60 at Shi\xe2\x80\x99ite mosque https://t.co/lXxiUmdmQt https://t.co/Jn3Q7M2v71',0
"b'@simonmaginn Its not a plan, its economic suicide and could push Russia to use nuclear weapons - out elected politicians are fucking maniacs.'",0
b'RT @richsignorelli: Mussolini is second from left; his mistress is in the middle; surrounding them are other murderous fascists.\nTwo days b\xe2\x80\xa6',0
"b'@dzrhnews @SalazarKerby Why is any1 even giving ATTENTION 2REMULLA who\'s DESPERATE 4Credibility??\n\nIt is-MENTAL-SUICIDE*and*NOT WORTH the saliva 2respond 2one who DELETED a survey wherein Leni was Leading!\n\nHITLER:\n""..broad MASSES of a nation..more readily FALL VICTIMS 2the BIG LIE than the SMALL LIE..""'",1
"b""@Itssan17 For me it's \n\nShazam\nThe Batman\nThe suicide squad\nJoker\nGreen lantern""",0
"b'@Rrooster6 @RedBrick211 @libsoftiktok @UofIllinois Then why is suicide so high, even for transitioned people. It\xe2\x80\x99s a severe mental illness. If they want to transition as adults, that\xe2\x80\x99s up to them, but we shouldn\xe2\x80\x99t be required to appease their delusion.'",1
b'RT @NOH8Campaign: BREAKING: Texas removes LGBTQ suicide prevention resources from state websites #NOH8 https://t.co/Y5cZjkY24k',0
"b'@sportsbaIIfan @jimkenny62 @N12News @yaronavraham Imagine it\xe2\x80\x99s that exact scenario, but there\xe2\x80\x99s no such thing as the police. Good way to join a murder-suicide.'",0
b'Putin can\xe2\x80\x99t ever admit he made a mistake or was defeated. He will keep sending Russian soldiers on suicide missions until there are no Russian soldiers for Putin to send to their deaths. He could care less about them.',0
"b'@greenyenergy @MartineKooreman @GramlWalter @GuidoGargiulo2 @KyivIndependent @NATO Do you think he has a button on his desk? Do you think the elites are happy to carry out that order, which effectively is their own suicide, the deaths of their friends and families, and a nuclear wasteland Russia? Do you even think at all? Or are you paralysed by fear?'",0
b'@JackPosobiec Democrats are committing political suicide . Oil at $140 wow',0
b'RT @EdwardGLuce: Lot of people on this platform dying for Nato to intervene militarily. Please ignore this suicide cult. Find another way t\xe2\x80\xa6',0
b'RT @BpdBryan: BPD has one of the highest suicide rates yet people with BPD are also mostly overlooked when they reach out for help with the\xe2\x80\xa6',0
"b'13/ Time well tell if the underlying problem is having committed economic suicide trying to fix climate, and a need to find a way to compensate for it, to avoid a great wind mill depression. Supporting Zelenskyy and wind mills is politically correct - zusammen!'",0
b'RT @julie_kelly2: Imagine the international outrage had the Putin regime\xe2\x80\x99s legal system and state-run media collectively tormented a politi\xe2\x80\xa6',0
b'RT @EdwardGLuce: Lot of people on this platform dying for Nato to intervene militarily. Please ignore this suicide cult. Find another way t\xe2\x80\xa6',0
b'RT @hopefulmindful: @Lynch458Lynch @thefordhamram At least you are honest in one thing. You admit his wife was suicidal and still choose to\xe2\x80\xa6',0
"b""RT @GAFollowers: Someone said this is Atlanta's Suicide Squad. LMFAO""",0
"b""@boston_hoax Well she has had 55 friends coming (suicide)\n\nShe may be a runner\n\nIf you're into that sort of thing.\n\nMaybe Epstein will make a come back and be her first lady""",0
"b'RT @IMRANHA55AN: Following the independence of Bangladesh in 1971, the veteran fighter joined the Bangladeshi Air Force in his newly indepe\xe2\x80\xa6'",0
"b""RT @brfootball: Katie Meyer, captain of the Stanford women's soccer team, died on March 1. A memorial fund has been set up in her honor.\n\nI\xe2\x80\xa6""",0
"b'@td_port @sunkist111 @ThisWeekABC @SenRubioPress @GStephanopoulos @marcorubio Your unironic view is that we should cause WWIII by sending American troops into Ukraine and shooting down Russian planes!? Also it\xe2\x80\x99s a suicide mission, Russia has anti-aircraft in ukraine and neighboring states. We would lose so many .'",0
b'everyday I think about my calves and I contemplate suicide',1
b'RT @AWSUser: @Naurilainen @BackAndAlive IKR. Azerbaijan was very effective with their drones last year.\n\nThe Russians are operating in smal\xe2\x80\xa6',0
"b'Approximately every 11 minutes in the United States, someone dies of suicide. If you or a sister is feeling extremely sad, call 1-800-273-8255.'",0
"b""David Bowie \xe2\x80\x93 Rock 'N' Roll Suicide (Live, 1973) https://t.co/yjD7ZcQuZ6 via @YouTube""",0
b'// suicide \n-\nthe only thing keeping me from doing it rn is someone couple on youtube reacting to homophones don\xe2\x80\x99t know what will happened afterwards',1
b'SIXTY-NINTH STREET SUICIDE - Read it now! - Understand what it really means to fight depression and win \xe2\x9e\xa1 https://t.co/Vx5ilTlexd https://t.co/oMOGcXcNzj (Posted by Calumet Editions)\n*)',1
"b'@asmeredith @landjax @kris_tea @cherievann @_nomadic_soul Andrew. My brother is a front line worker. Almost a million didn\xe2\x80\x99t die of Covid. The ones trying to OUT the lies are being silenced. He saw car accidents , heart attacks, suicide, overdoses, someone decapitated. All recorded as Covid. WAKE UP'",1
"b""lefties:  oh dont you care about the plight of ukraine all of a sudden?\n\nme: you're leading us on a suicide mission.\n\nlefties:  posts more plight.""",0
"b""@AmiDar @andreivkozyrev That is the most likely scenario. Putin can launch tactical nukes w/o going through a complex process that would require others to commit suicide w/him for throwing the chess board over. He's planting propaganda to blame a nuke on Ukrainians as well.""",0
"b'RT @AlexPetrovnia: Ban myself from ever saying any kind of suicide/self harm joke ever again, no matter how ""benign"".'",1
b'RT @NOH8Campaign: BREAKING: Texas removes LGBTQ suicide prevention resources from state websites #NOH8 https://t.co/Y5cZjkY24k',0
"b""If you're going to argue that death isn't the only negative outcome due to covid, then you need to acknowledge that suicide isn't the only negative mental health outcome caused by covid restrictions.\n#MentalHealthMatters #SorryNotSorry""",1
b'My gf in HS came out. A teacher refused to allow her back in class on basis of religion. The principal agreed. My gf lost her GPA &amp; any hope of college. She committed suicide in 2006. She was brilliant and beautiful \nand she is gone. Please sign.\n\nhttps://t.co/SFirEnW75J',1
"b""@Exuberant2302 @call_me_spooky_ It was! But I recall that at one point we already knew for certain David wasn\xe2\x80\x99t leaving\xe2\x80\xa6At least I don\xe2\x80\x99t remember being that upset after the first shock of his alleged su\xc3\xafcide. Or maybe I've repressed that \xf0\x9f\xa4\xb7\xf0\x9f\x8f\xbc\xe2\x80\x8d\xe2\x99\x80\xef\xb8\x8f""",0
"b'@Jeronefn everything bro. i cant say much. but i lost most my friends to gang life/jail. 2 died/commited suicide, 1 had a heart attack and cant speak anymore. so thats 6/10 friends irl. there is a reason i try to help ppl'",1
b'RT @Kon__K: Our PM has told us what we\xe2\x80\x99ve known for 25 yrs. We\xe2\x80\x99ve always had plenty of room for more refugees in Australia. Instead we\xe2\x80\x99ve t\xe2\x80\xa6',0
"b'like killer croc(excluding suicide squad), clayface, scarecrow, black mask, and hell, ill even take madhatter. anyone but joker. weve seen him so much in the past decade that im beginning to roll my eyes when i hear that a new live action joker is being introduced or teased 2/?'",0
b'RT @andreivkozyrev: Womanizer and bon-vivant speaks of war to girls. And he scares NATO threatening to commit a suicide starting  a nuclear\xe2\x80\xa6',0
"b'RT @AfgFactChecks: Until recentlty, Taliban-Daesh were attacking Hazara dominated western Kabul with suicide attacks. Now they are target k\xe2\x80\xa6'",0
b'RT @thehill: Stanford soccer player who was found dead in campus residence died by suicide https://t.co/wbk87nCSB5 https://t.co/6GorgThQdR',1
"b'Rubaba Dowla MD, Oracle Bangladesh speaks to The Financial Express about assisting the government with its long-term goal to become a \xe2\x80\x9cknowledge economy by 2041\xe2\x80\x9d. The interview also highlights its recent agreement with BDCCL and increased cloud adoption d\xe2\x80\xa6https://t.co/yRZpv5mNse'",0
b'RT @shaneellall: @DrShaneRetiMP Someone who voted against putting an end to cruel practices like conversion therapy should not be preaching\xe2\x80\xa6',1
b'\xe2\x81\xa6@GovAbbott\xe2\x81\xa9 has crossed the line. Why would anyone try to actively push someone to suicide\xe2\x80\xa6for any reason??? Shame on you \xe2\x81\xa6@GovAbbott\xe2\x81\xa9! You should ask God if this is moral! https://t.co/2f042zANou',1
b'@1spunkyblonde @NOH8Campaign This is from the TX Suicide Prevention Collaborative - not the State of Tx DHHS site which is what is referenced in the article.',0
"b'@dzrhnews @SalazarKerby Why is any1 even giving ATTENTION 2REMULLA who\'s DESPERATE 4Credibility??\n\nIt is-MENTAL-SUICIDE*and*NOT WORTH the saliva 2respond 2one who DELETED a survey wherein Leni was Leading!\n\nHITLER:\n""..broad MASSES of a nation..more readily FALL VICTIMS 2the BIG LIE than the SMALL LIE..""'",1
b'RT @Kon__K: Our PM has told us what we\xe2\x80\x99ve known for 25 yrs. We\xe2\x80\x99ve always had plenty of room for more refugees in Australia. Instead we\xe2\x80\x99ve t\xe2\x80\xa6',0
b'With movies like Batman and suicide squad hopefully WB can quit meddling at let these directors make movies they  want https://t.co/jWRUd8WKQ3',0
b'@CinemaExec @Kinetic_Aces @JorgeONeillYT But most people loved suicide squad and the recut of JL...',0
"b'RT @nanonmv: tw suicide self harm\n\nthinking about the one time nanon gave advice to his fan who had hurt herself, telling her that if she h\xe2\x80\xa6'",1
"b'RT @HannahD35612130: Remember the remainder of 3.8m 50\xe2\x80\x99s women are waiting for THEIR hard earned pension \n\nMany using food banks, lost home\xe2\x80\xa6'",0
b'RT @Kon__K: Our PM has told us what we\xe2\x80\x99ve known for 25 yrs. We\xe2\x80\x99ve always had plenty of room for more refugees in Australia. Instead we\xe2\x80\x99ve t\xe2\x80\xa6',0
,
,
,
,
,
,
,
,
,
,
,
,
,
,
,
,
,
,
,
,
,
,
,
,
,
,
,
,
,
,
,
,
,
,
,
,
,
,
,
,
,
,
,
,
,
,
,
,
,
,
,
,
,
,
,
,
,
,
,
,
,
,
,
,
,
,
,
,
,
,
,
,
,
,
,
,
,
,
,
,
,
,
,
,
,
,
,
,
,
,
,
,
,
,
,
,
,
,
,
,
,
,
,
,
,
,
,
,
,
,
,
,
,
,
,
,
,
,
,
,
,
,
,
,
,
,
,
,
,
,
,
,
,
,
,
,
,
,
,
,
,
,
,
,
,
,
,
,
,
,
,
,
,
,
,
,
,
,
,
,
,
,
,
,
,
,
,
,
,
,
,
,
,
,
,
,
,
,
,
,
,
,
,
,
,
,
,
,
,
,
,
,
,
,
,
,
,
,
,
,
,
,
,
,
,
,
,
,
,
,
,
,
,
,
,
,
,
,
,
,
,
,
,
,
,
,
,
,
,
,
,
,
,
,
,
,
,
,
,
,
,
,
,
,
,
,
,
,
,
,
,
,
,
,
,
,
,
,
,
,
,
,
,
,
,
,
,
,
,
,
,
,
,
,
,
,
,
,
,
,
,
,
,
,
,
,
,
,
,
,
,
,
,
,
,
,
,
,
,
,
,
,
,
,
,
,
,
,
,
,
,
,
,
,
,
,
,
,
,
,
,
,
,
,
,
,
,
,
,
,
,
,
,
,
,
,
,
,
,
,
,
,
,
,
,
,
,
,
,
,
,
,
,
,
,
,
,
,
,
,
,
,
,
,
,
,
,
,
,
,
,
,
,
,
,
,
,
,
,
,
,
,
,
,
,
,
,
,
,
,
,
,
,
,
,
,
,
,
,
,
,
,
,
,
,
,
,
,
,
,
,
,
,
,
,
,
,
,
,
,
,
,
,
,
,
,
,
,
,
,
,
,
,
,
,
,
,
,
,
,
,
,
,
,
,
,
,
,
,
,
,
,
,
,
,
,
,
,
,
,
,
,
,
,
,
,
,
,
,
,
,
,
,
,
,
,
,
,
,
,
,
,
,
,
,
,
,
,
,
,
,
,
,
,
,
,
,
,
,
,
,
,
,
,
,
,
,
,
,
,
,
,
,
,
,
,
,
,
,
,
,
,
,
,
,
,
,
,
,
,
,
,
,
,
,
,
,
,
,
,
,
,
,
,
,
,
,
,
,
,
,
,
,
,
,
,
,
,
,
,
,
,
,
,
,
,
,
,
,
,
,
,
,
,
,
,
,
,
,
,
,
,
,
,
,
,
,
,
,
,
,
,
,
,
,
,
,
,
,
,
,
,
,
,
,
,
,
,
,
,
,
,
,
,
,
,
,
,
,
,
,
,
,
,
,
,
,
,
,
,
,
,
,
,
,
,
,
,
,
,
,
,
,
,
,
,
,
,
,
,
,
,
,
,
,
,
,
,
,
,
,
,
,
,
,
,
,
,
,
,
,
,
,
,
,
,
,
,
,
,
,
,
,
,
,
,
,
,
,
,
,
,
,
,
,
,
,
,
,
text,sentiment
"  Kashmiri Medical student attempted Suicide in Bangladesh.  Junaid Bhat In a football match between Kashmiri students studying in international medical college Bangladesh and the local Bangladeshi students, a small verbal exchange turned violent. In response the college administration punished only kashmiri student barring him from appearing in examinations for 6 months.  The victim tried to commit suicide two times but fortunately was saved by his friends.The college administration is not ready to listen to kashmiri students and is not even bothered to cancel the suspension of student from appearing in exams.  Talking to kashmiri students, they said that at home everyone knows Bangladesh is a safe country but these issues will damage the confidence of kashmiri parents while sending their wards to Bangladesh. Kashmiri students are continuously on protest. Now we request college administration and the local police station to solve the issue.Play Video,",1
"  Chattogram  Dr. Akash doctor dies by suicide after citing wifes adultery Mustafa Murshed Akash was a 32-year-old medical practitioner deputed to Ward-13 of the hospital.    Writing on Facebook before his death, Akash said his wifes infidelity drove his decision to end his own life. Dr Akash was rushed to the hospital by his brother around 6am Thursday where the doctors on duty later declared him dead, said Alauddin Talukder, assistant sub-inspector of the police outpost at the hospital. On-duty physicians suspect that he injected a poisonous substance in his veins. Family members claim that he was led to commit suicide after a dispute with his wife, ASI Alauddin told bdnews24.com.   +4,",1
"  Trigger Warning: Suicide  Abu Mohashin Khan, the father-in-law of actor Riaz, has committed suicide on Facebook live.  He shot himself in the head during a live stream on Facebook Wednesday (2 February) night.  Dhanmondi police station sub-inspector Shawkat said two teams of police are on the spot.  Mohashin lived alone in his house at Dhanmondi road 7 area. Abu Mohashin came to Facebook live and said, \I am 58 years old. My only son lives in Australia. I live alone at home. Son, daughter, wife, whatever I do for them, no one is really for anyone.\ Mohashin said he was a cancer patient and had no business to operate anymore.  He cited a friend of his named Kamruzzaman Babu and alleged he",1
"  WARNING - CONFRONTING IMAGES | What really happened to Raudha Athif? On #60Mins, Peter Stefanovic travelled to Bangladesh to investigate the Vogue model's mystery death. In March this year she was found dead in her college dorm room. Police claimed it was suicide, but strong evidence suggests it was murder. Full story: bit.ly/2gnr2U7Play Video,",0
"  SAY NO TO SUICIDE! As Let's Talk Mental Health we are in disbelief of this recent occurence. It has left us shaken to the core and wondering where we are going wrong as humanity. This kind of pain is just not right. We ask ourselves why did he do it? Why did he not come for help? But the real question is ' Did we provide him with a safe space for him to reach out for help?' 'Did we listen to him when he talked?' 'What was the effect of our words to him?' All this and so many other questions that we should ask ourselves. Otherwise We say no to death by suicide. Please please reach out to your loved ones or trusted ones for help when you feel so much pain. We are ready to listen to you as Let's Talk Mental Health, don't hesitate to ask for help. This is very sad to share Abu Mohashin Khan, Father-in-law of Riaz prominent actor Bangladesh, took his own life today.,",1
"  What is anxiety? Anxiety is a feeling of fear, dread, and uneasiness. It might cause you to sweat, feel restless and tense, and have a rapid heartbeat. It can be a normal reaction to stress. For example, you might feel anxious when faced with a difficult problem at work, before taking a test, or before making an important decision. It can help you to cope. The anxiety may give you a boost of energy or help you focus. But for people with anxiety disorders, the fear is not temporary and can be overwhelming. What are anxiety disorders? Anxiety disorders are conditions in which you have anxiety that does not go away and can get worse over time. The symptoms can interfere with daily activities",1
"  #BreakingNews  Terrorist Attack On #Gurdwara During Religious Gathering. Unidentified Suicide Bomber's & Armed Gunmen Attacked On Gurudwara In Shorbazar Area Of Afghanistan's Capital Kabul. Atleast Now U Can Imagine The Level Of Hatredness And Persecution Of Minorities In Afghan/Pak/Bangla... #ImportanceOfCAA #TerroristAttack #afghanistan #Kabul+2,",0
"  Long but wanted to share my thoughts, to whom it may concern  According to a new report released by the Aachol Foundation, more people in Bangladesh committed suicide last year than died from the coronavirus. In comparison to COVID19, Bangladesh had 70% more suicide deaths. The person died yesterday was 58 years old, My one and only best friend Naaz committed suicide last year at the age of 25, when I went to the morgue for the last time to see her, a 14 years old kid found dead in the same cabin. All these suicides were committed out of depression. Hmm Depression how terrifying  this little word can indeed be!!, literally led directly peoples lives to death. The question is, where does",1
"  Depression is not just mental disorder its the bodys biological adaptation to stay safe. I believe that depression is only on the rise even with more access to mental health treatment because dont understand it. And because most of our daily life is completely unnatural + so far from how we have evolved. Chronic stress, endless pressure, unhealthy work environments, + an expectation to always be going is not how human beings have evolved.  We cannot out-smart the body or be expected to life in ways that hurt us physically, emotionally, + without without the body responding as if its danger. Our nervous system goes into immobilization to protect us. If we are in a threat or within+4,",1
"  To navigate your journey towards a beautiful life, you need to embrace all the ups and downs in it. In this World Suicide Prevention Day, let all the positivity spread around you.  #MetLife #NavigatingLifeTogether #suicidepreventionday #mentalhealthPlay Video,",0
"  During last one year, we have tried to put effort into Research Work. From LifeSpring, we were dedicated to preparing a Research Paper of the highest quality. Our First work has been published in 'Lancet EClinicalMedicine'. We have collected data from 1,20,000 teenagers from 52 countries including Bangladesh. According to that, we have found out that -   Teenagers with less probability of committing suicide have parents, who understand their problems, keep in mind their studies and free time, ensure their privacy.  1 out of 4 teenagers, aged from 12 to 15, are thinking, trying, or planning about committing suicide. In this case, girls have a high probability of committing suicide in comparison with boys.  1 out of 3 teenagers has said that their Parents understand their problems and keep in mind their studies and free time. 2 out of 3 have said that their Parents ensure their Privacy. Research Paper Link:  https://rb.gy/mhjjny Researchers are: 01. Psychiatrist Dr. Sayedul Ashraf 02. Yahia Amin 03. Dr. Shusama Reza 04. Dr Shawon, PhD,",0
"  World Suicide Prevention Day 2019Play Video,",0
"  World Suicide Prevention Day :  Bangladesh has recorded 70% more deaths from suicide than from the Covid-19 during first year of pandemic ( 14,436 people ).  About 10,000 people commit suicide in Bangladesh every year.  Majority were aged 20-35 years. Highest reason: Relationship stress.  Here are 8 tips from dealing with suicidal thoughts :  1) Dont spend the night alone and do not isolate yourself when you have suicidal thoughts. Call your loved ones and be around them. 2) Cut off all ties with toxic people , maintain distance from people who trigger you to have suicidal thoughts , who are harming you mentally or physically  3) Make a list of your accomplishments , think of how far you",1
"  #spsbd #stopsuicide #stop_suicide  #Awareness_on_suicide_prevention,",0
"  Suicide Protecting Squad,Bangladesh (SPSBD),",0
"  A friend of us, Fyodor Borisov has shared a picture of Mi-28NE taken by him once at Rostvertol manufacturing plant, Russia .  There are two advantages of Mi-28NE :  1 . Bangladesh Air Force can upgrade them into NM version once the version gets certification for export.  2 . In next 7 years, Mi-28NM will be armed with systems to fire mini surveillance and suicide drones from the missile launch tubes, a source in the defense-industrial complex confirmed TASS.  We see Bangladesh sealed a great deal !  #DEFSECA #BangladeshAirForce #Mi28NE,",0
"  SRINAGAR: A third-year Kashmiri MBBS student tried to end his life after International Medical College suspended him for six months over a minor altercation during a football match. Unable to come to terms with the decision, he tried to hang from the ceiling fan in his room. However, fellow students broke open the door and rushed him to the hospital.... http://www.thekashmirmonitor.net/video-why-kashmiri-students-protested-after-a-suicide-attempt-in-bangladesh/THEKASHMIRMONITOR.NETVIDEO: Why Kashmiri students protested after a suicide attempt in Bangladesh - The Kashmir MonitorSRINAGAR: A third-year Kashmiri MBBS student tried to end his life after International Medical College suspended him for six months over a minor altercation,",1
"  10 minutes writing post :-40 From lockdown even in lockdown we can see so many suicide news and heard also. Some people also gonna depressed by staying at home all day. There was lots of rules for not go outside. From 2 years every school even versitys also closed. But now hopefully everything goes well to everyone. in this situation some people run along in bad sides some people used internet to showing their talent or their earing source. So many people even our close one also died by corona. Alhumdulillah we stay healthy still now. I took my first vaccine. I just wanna say in this case  i got this magical platform.  before that i waste my lots of time by chating with so many unnecessary people or whose not understand my value, friend but there was nothing profit without feelings fresh.  I watched many kind of videos and sent others.  when we understand our firm then everywhere we will searching company. Then there will be no memories, happiness, emotions ,",1
"  Our data says in August 17 committed suicide in Khulna. Can anyone from Khulna tell us any reason behind that?Play Video,",1
"  Mahfuzur Rahman was doing his PhD at Virginia TechDHAKATRIBUNE.COMSust teacher commits suicide in USMahfuzur Rahman was doing his PhD at Virginia Tech,",1
"  World Suicide Prevention Day 2020 #SayNoToSuicide,",0
"  Covid-19 Social Action Idea: Last pages of the diary Elderly people are extremely vulnerable to mental health issues especially during this pandemic due to loneliness and social detachment and financial discomfort. As a result, they have become one of the worst sufferers in society - suffering silently behind closed doors. Concerned about this, and worried by an attempted suicide case by a lonely elderly woman in her community, an Active Citizen in Panchagarh has decided to create a support platform for the elderly who are suffering from mental health issues. As elderly people are not that much familiar with digital devices, she wants to use some alternative methods. There is a local TV",1
"  Department of law, SUB organized a webinar on the title of Working together to Prevent Suicide on 26 January 2022. The webinar was organized in association with Psycure Organization and Foundation for Law Development (FLAD).  The Webinar focused on the mental health of the students, causes and indicators which instigates someone to commit suicide, how to address the symptoms and where someone can get help. The key speaker of the Webinar was Dr. M Tasdik Hasan, a global mental health researcher and Barrister Quazi Maruful Alam, Advocate, Supreme Court of Bangladesh who talked about legal aspects of suicide. Professor Dr. Nawzia Yasmin and Professor Dr. Asif Nazrul also graced the Webinar with their presence.,",1
"  Silent suicide story of millions!! ,",1
"  Check here - https://rb.gy/cmhzzj . A Bangladesh cricketer committed suicide :o :'(,",1
"  JUST IN: According to Allen Police, 6 people from the same family are dead. Investigators believe two brothers killed four other family members and then killed themselves.FOX4NEWS.COM6 dead in apparent murder-suicide in AllenInvestigators in Allen believe two brothers killed four other family members and then killed themselves.,",1
"  He was found guilty of masterminding the attack, which killed eight people, including a suicide bomber.FREEMALAYSIATODAY.COMBangladesh executes Islamist extremist for 2005 bomb attackHe was found guilty of masterminding the attack, which killed eight people, including a suicide bomber.,",1
"  World Suicide Prevention Day 2021 #SayNoToSuicide,",0
"  Bangladesh cricketer Sajibul Islam Sajib dies by suicide aged 21 #RIPCRICKETADDICTOR.COMBangladesh Cricketer Sajibul Islam Sajib Dies By Suicide,",1
"  Watch why Ranbir and Priyanka attempt suicide in #AnjaanaAnjaani, only on #ErosNow.  #PriyankaChopra #RanbirKapoorPlay Video,",0
"  A snippet of an article about Dubai from the Independent: There are three different Dubais, all swirling around each other. There are the expats, there are the Emiratis, headed by Sheikh Mohammed; and then there is the foreign underclass who built the city, and are trapped here. They are hidden in plain view. You see them everywhere, in dirt-caked blue uniforms, being shouted at by their superiors, like a chain gang  but you are trained not to look. It is like a mantra: the Sheikh built the city. The Sheikh built the city. Workers? What workers? Every evening, the hundreds of thousands of young men who build Dubai are bussed from their sites to a vast concrete wasteland an hour out of town,",0
"  Over 10,000 people commit suicide in Bangladesh every year. How can we foster a mental health-friendly work environment in our organisations? Heres how BRAC does it: http://blog.brac.net/three-ways-brac-creates-a-mental-health-friendly-workplace/Send MessageBRACCharitable organisation,",1
"  Farhan Towhid, 19, and Tanvir Towhid, 21, shot their parents, sister and grandmother before killing themselves after forming a suicide pact, police said.WASHINGTONPOST.COMSix family members shot to death in Texas after brothers formed murder-suicide pact, police saidFarhan Towhid, 19, and Tanvir Towhid, 21, shot their parents, sister and grandmother before killing themselves after forming a suicide pact, police said.,",1
"  Six family members have been killed in an apparent murder-suicide in suburban Dallas after two brothers made a suicide pact that included the deaths of the other relatives, police say.NBCNEWS.COM6 dead in Texas in apparent murder-suicide after brothers made pact, police sayPolice in Allen, Texas, performed a welfare check early Monday and found the bodies of six family members.,",1
"  Bangladesh sees first female suicide bomberDHAKATRIBUNE.COMBangladesh sees first female suicide bomber | Dhaka TribuneA female militant has blown herself up during a police raid in a militant hideout at Dhakas Ashkona, in what appears to be the first suicide attack by a woman in Bangladesh.Learn More,",1
"  Around 10,000 to 11,000 people commit suicide in the country, every yearDHAKATRIBUNE.COMWorld Suicide Prevention Day: Why is Bangladesh unconcerned to save people from suicide?Around 10,000 to 11,000 people commit suicide in the country, every year,",1
"According to a new survey, gender-diverse populations (GDPs) are struggling to meet basic needs during the COVID-19 pandemic.  Conducted under the USAID-funded Rights for Gender Diverse Populations program implemented by the Bandhu Social Welfare Society (Bandhu), the COVID-19: Quick Survey for Community Response for Transgender and Hijra found that 81 percent of community members have decreased their food intake, 70 percent have borrowed money to meet basic needs, 41 percent report having faced discrimination when receiving relief from external sources, 61 percent said they needed food, and 59 percent needed cash to survive during extended lock down period.  Even before COVID-19, the GDP community suffered a high suicide rate, aggravated by social stigma, discrimination, family and social exclusion, identity issues, and gender-based violence.  In addition to the ongoing mental health counselling, USAID has introduced a doctors helpline to give GDPs access to medical services and advice. #PrideMonth  #DemocracyIsLearn MoreUSAID BangladeshGovernment organisation,",1
"  Mushfiqur Rahim's suicide just brought back Khulna Titans in this match! Chittagong Vikings now have to rely on Robbie Frylinck(8*) & Nayeem Hasan to win this match! They are now 129/6 after 18 overs, gonna need another 21 runs from 9 balls!   To Watch this match LIVE, visit the links below: Rabbitholebd Entertainment YouTube Channel https://goo.gl/a7HMYi (Inside Bangladesh) Rabbitholebd Sports YouTube Channel- https://goo.gl/1JYxLn (Inside Bangladesh) with Bangla Commentary Rabbitholebd Sports YouTube Channel- http://y2u.be/xi3uJ1CDYWk (Outside Bangladesh) #BangladeshPremierLeague #BPL6 #RabbitholebdEntertainment #RabbitholebdSports #BPLEdition6 #ChittagongVikings #KhulnaTitansPlay Video,",1
"According to a recent news feature in The Guardian, Suicide is still considered a crime in 20 countries, punishable by fines of thousands of pounds and up to three years in prison, research has revealed. In many nations children can be prosecuted for attempted suicide and in Nigeria, children as young as seven can be arrested, tried and prosecuted, said a report by United for Global Mental Health, a group calling for decriminalization. A further 20 countries make suicide punishable under sharia law. In four of the countries in the report  the Bahamas, Bangladesh, Guyana and Kenya  the will of someone judged to have killed themselves may be discounted. Criminalization of suicide is",1
"  Ranbir and Priyanka attempt suicide, will they succeed? Find out in #AnjaanaAnjaani, only on #ErosNow.  #PriyankaChopra #RanbirKapoor #ErosNowBDPlay Video,",0
"  Suicide - A New Trend In Bangladesh?  ( Tag Your Friend ) And Don't forget to Like | Share | Subscribe  YouTube- https://www.youtube.com/watch?v=XQOjW3-9qsAYOUTUBE.COMSuicide - A New Trend In Bangladesh? | Yellow PotatoSuicide is a New Trend In Bangladesh ! Recently a lot of people committed suicide ! As Suicide is the act of intentionally causing one's own death. Risk fact...,",0
"  Indian fan from Bangladesh commits suicide after Indias defeat in CT 2017. Check out:CRICTRACKER.COMIndian team's defeat costs a life,",1
"  Suicide bomber blows himself up near Bangladesh airport, no casualtiesGEO NEWSSuicide bomber blows himself up near Bangladesh airport, no casualtiesDHAKA: A suicide bomber blew himself up near Bangladeshs international airport on Friday,...,",1
"  According to the Penal Code, a person abetting suicide shall be punished with imprisonment up to 10 yearsDHAKATRIBUNE.COMWhat is abetment to suicide?According to the Penal Code, a person abetting suicide shall be punished with imprisonment up to 10 years,",0
"  Every single incident of murder and extra judicial killing should face international investigation Recently various local and international news agencies published separate reports claiming that the incidents of extra judicial killings are increasing rampantly in Bangladesh.  Seventy-nine people were killed either in alleged crossfires or in custody of the law enforcement agencies during the first six months of this year, according to rights organisation Ain O Salish Kendra (ASK). Thirty of them were killed in crossfires with police, 24 with Rapid Action Battalion (Rab) and seven with Detective Branch (DB) police, said an ASK report published recently. The report is based on reports",0
  Police find six dead at Texas home after report of murder-suicide pact on social mediaTHEBLAZE.COMPolice find six dead at Texas home after report of murder-suicide pact on social media'It's a tragedy that you just can't imagine',1
,
,
,
,
,
,
,
,
,
,
text,sentiment
  Open-pit coal mining to be suicidal for Bangladesh: Energy Advisor,1
"  Bangladesh police join forces with Meta, TikTok to prevent suicides",0
  VIDEO: Why Kashmiri students protested after a suicide attempt in Bangladesh - The Kashmir Monitor,1
  least game addict boy in bangladesh. commits suicide for pubg,1
"  Bangladesh's first transgender news reader takes to the airwaves: Tashnuva Anan Shishir survived assault, bullying and suicide attempts to become a trailblazer for the LGBT community",1
"  According to a 2016 survey ,Bangladesh is among the 7 countries where suicide rate for women is higher than men.",1
  Former Bangladesh U19 cricketer Mohammad Sozib dies by suicide,1
"  TIL there are only 5 countries were suicide rate for women is higher than men and they are China, Pakistan, Bangladesh, Iraq and Indonesia",1
  [World] - Police identify six dead Bangladesh family members in Texas murder-suicide plot | Al Arabiya,1
  [World] - Police identify six dead Bangladesh family members in Texas murder-suicide plot,1
  Bangladesh: Suicide claims more lives than coronavirus,1
  21-year-old former Bangladesh U19 batsman Mohammad Sozib dies by suicide,1
  Are there any suicide prevention hotlines in Bangladesh?,0
"  Suicide bombing near airport, in the capital of Bangladesh, Dhaka leaves only bomber dead.",0
  Ideological Trends of Gen-Z,0
  Suicides rising at an alarming rate in Bangladesh,1
  The Great Reset Timeline,0
  How does Bangladesh and Pakistan manage to keep its suicide rate so low ? It would be an interesting case study if there is a specific reason to it .,0
  Bangladesh is committing suicide by shifting from secularism to Islamisation,1
  Is there any evidence for explanation to gender paradox in suicide?,1
"  Jan/12/2022: Armenia fortified border & destroyed illegal Azeri outpost w/ammo storage __ 2020 war analysis; new details __ Analysts on Kazakhstan, Azerbaijan, CSTO, & Geopolitics __ NATO & Russia __ Pashinyan's surprise __ Fertility & benefit aid __ Marutyan's testimony __ Artsakh tourism; guides",0
  Bangladesh sees first female suicide bomber,1
"  I'm a little bit confused about faith, morality, and just life really.",1
  Face of Bangladesh Rana Plaza Rescue Operation (Nowshad Hasan Himu) Commits Suicide,1
  Bangladesh: Reported Suicide Rate of Expatriate Domestic Workers Climbs,1
"  11,095 commit suicide in 2019 in Bangladesh",1
"  Farm Laws battle was not a state vs a bunch of goons-it was executive/legislature vs media/judiciary/foreign funded nexus going entire haul to support/shield/promote the said goons who committed murder, rapes, blocked roads in opposition of the very laws they were demanding a year back",0
"  I want to go anywhere. Anywhere away from this country. From these people. These selfish, cowardly bigots.",1
  let's talk about gendered violence against men,0
"  Suicide attacker blows himself up near Bangladesh International Airport, no casualties",1
"  There are five countries where women commit more suicides than men: China (9/7 per 100 000), Bangladesh (9/7), Indonesia (5/4), Iraq (2/1), and Pakistan (9.6/9.1). Among the widest suicide gaps are in Poland (4/31), Russia (6/35), Belarus (6/33), Hungary (7/32), and Latvia (4/31).",1
  I'm in a really complex situation and I really dunno what to do.,1
  [World] - Bangladesh Rana Plaza rescue hero commits suicide | Al Arabiya,1
"  In light of the death of Todd Akin, a Republican member of the Missouri House Representatives, who coined the term \""legitimate rape,\"" I wanted to highlight some of his colleagues' comments over the years in helping perpetuate the patriarchal rape culture.",0
  Bangladesh Rana Plaza rescue hero commits suicide,1
  Suicide Bomber Strikes at Ahmadi Mosque in Bangladesh,1
  Suicide bomber kills himself in attempted attack on police check post [Bangladesh],1
  [World] - Bangladesh Rana Plaza rescue hero commits suicide,1
"  03-15 16:45 - 'That reminds me of the Pew polls indicating that more than 50% of muslims in Palestine, Lebanon, Egypt, Bangladesh and Tanzania feel that suicide bombings can be often, sometimes or rarely justified against civilian targets i...' by /u/LosBerkos removed from /r/worldnews within 0-6min",1
  The Indian reforms of 1991 - A Critical Analysis.,0
"  The attempt of a suicide bomber to hijack a Bangladeshi plane fails A terrorist carrying explosives and a weapon was arrested on Sunday after attempting to hijack a Bangladeshi plane bound for Dubai and had to make an emergency landing in southeastern Bangladesh, while the 143 passengers",0
  Bans of WHO Class I Pesticides in Bangladeshsuicide prevention without hampering agricultural output,0
  Wikipedia Page of the Day: Jibanananda Das,0
  [World] - Anger in Bangladesh after girl commits suicide on being humiliated by teachers,1
  [World] - Anger in Bangladesh after girl commits suicide on being humiliated by teachers | Hindustan Times,1
  Suicide on the rise in Bangladesh,1
"  Farm Laws were not a state vs a bunch of goons- it was executive/legislature vs media/judiicary/foreign funding & foreign nexus going entire haul in support of the goons who committed murder, rapes,opposed very laws they were demanding a yr back in interest of politics.",0
  Lets talk gendered violence against men,0
  Patriarchy In Indian Society [Part 2],0
  From Busan to Seoul (Part 4 : The Liberation of Seoul),0
  The Conflict in Review - December 2021,0
  A mother in Bangladesh murdered her own son by hanging him and using his body as a counterweight to commit suicide.,1
"  Suicide blast kills bomber at Dhaka, Bangladesh Rab camp",1
  [Bangladesh] Bans of WHO Class I Pesticides in Bangladeshsuicide prevention without hampering agricultural output | International Journal of Epidemiology via r/worldanarchism,0
  TIL nearly 50% of Muslims polled in Bangladesh and Palestine believe suicide bombings against civilians are often or sometimes justified,1
  ISO: comforts and affirmation,0
  Bangladesh: Suicide attack near Dhaka airport ahead of Bangladesh PM's India visit,1
"  @ezralevant: RT @StefanMolyneux: \""The terror suspect who allegedly attempted to detonate a suicide-bomb in New York came to the United States from Bangladesh as a 'chain migration' relative of an individual who had immigrated earlier into the United States.\"" https://t.co/kdS3fisEME",1
  @AP: The Latest: An immigrant from Bangladesh arrested on charges of using a weapon of mass destruction in the NYC subway system in a suicide attack charged in federal court. https://t.co/L8HLTzQ8Ht,0
  Game ideas for them to play on the pod,0
  [Dhaka Tribune] Brazil fan in Coxs Bazar takes poison after Copa America final loss,1
"  Please share and comment :) Just trying to help some people. HSP, ANXIETY, BULLYING, DEPRESSION",1
"  TIL there are only 5 countries were suicide rate for women is higher than men and they are China, Pakistan, Bangladesh, Iraq and Indonesia - todayilearned",1
  [World] - Bangladesh extremist killed in suicide blast as police were about to raid his hotel room,1
  Risk of mass shootings and suicide attacks remains high in Bangladesh during next 12 months despite declining incidents,1
  [PK] - Bangladesh militant killed in suicide blast in Dhaka | The Express Tribune,1
"  Islam never permits suicide, killing: PM Bangladesh",1
  [World] - Bangladesh extremist killed in suicide blast as police were about to raid his hotel room | South China Morning Post,1
  [PK] - Bangladesh militant killed in suicide blast in Dhaka,1
  [World] - 2 Suspected Militants Detonate Suicide Bombs During a Police Raid in Bangladesh | NY Times,1
  Your view of India may be corrupted or incorrect because of the media portrayal.,0
  (R) Suicide bomber attacks Bangladesh police special forces base,1
  [World] - Suicide Bombing at Police Post Breaks Lull in Bangladesh Attacks,1
  Suicide bomber attacks Bangladesh police special forces base,1
  [Business] - Suicide attacker targets Bangladesh army camp | The Express Tribune,1
  Suspected suicide bomber dies near Bangladesh airport,1
  Suicide Bombing at Police Post Breaks Lull in Bangladesh Attacks,1
  Suicide attacker targets Bangladesh army camp,1
  [World] - Suicide bomber attacks Bangladesh police special forces base,1
"  (ABC) Suspected suicide bomber dies in blast near Dhaka airport | Bangladesh police say a man detonated a bomb near a police post on a busy road near Dhaka's airport, killing himself but causing no other injuries",1
  Suicide attacker targets Bangladesh forces camp,1
  (Diplo) Growing Trends of Female Jihadism in Bangladesh | Bangladesh is increasingly seeing females take part in suicide bombings and other terrorist attacks.,1
  [World] - Bangladesh militants in suicide blast as police surround extremist hideout | South China Morning Post,1
  [Business] - Suicide attacker targets Bangladesh army camp,1
  Two Bangladesh militants killed in suicide blast as police move in,1
  [World] - Suspected suicide bomber dies near Bangladesh airport,1
  [World] - Suicide attacker targets Bangladesh forces camp,1
  [World] - Suicide Bombing at Police Post Breaks Lull in Bangladesh Attacks | NY Times,1
  [World] - Suicide bomber attacks Bangladesh police special forces base | REUTERS,1
  Suicide bomber blows himself up near Bangladesh airport,1
  [World] - Suicide attacker targets Bangladesh forces camp | The Hindu,1
  [World] - Bangladesh militants in suicide blast as police surround extremist hideout,1
  [World] - Suspected suicide bomber dies near Bangladesh airport | Manila Bulletin,1
  [World] - 2 Suspected Militants Detonate Suicide Bombs During a Police Raid in Bangladesh,1
  2 Suspected Militants Detonate Suicide Bombs During a Police Raid in Bangladesh,1
"  Bombs diffused, suicide hit was on the cards in Bangladesh",1
  Survivor of Bangladesh garment factory tragedy commits suicide,1
  Bangladesh Protests Sexual Harassment as Victims Commit Suicide,1
"  \""  \"" (Kaan petey roi) - first anonymous suicide help hotline in Bangladesh (Bengali)",0
  How would your life be simply without music?,0
"  r/todayilearned: TIL there are only 5 countries were suicide rate for women is higher than men and they are China, Pakistan, Bangladesh, Iraq and Indonesia by /u/PG_Blackie-Chan (52 mins. old)",1
"  In Bangladesh 47% said suicide bombings are acceptable, in Gaza 62% agreed, in Egypt 24% did",1
  [MOD] May is Mental Health Awareness Month!,0
  Suicide Bomb Kills 33 in Khost; Sharif Says More Info Needed in Lakhvi Trial; Cocaine Seized by Bangladesh Was Headed to India,1
  Qatar regimes controversial charity funded al-Qaeda-linked Turkish outfit in the amount of $23 million - Nordic Monitor,0
  Muslim on Dalit atrocities,0
"  r/CoronavirusDownunder random daily discussion thread - 02 September, 2021",0
  South Asian in need for serious help,0
  Unreached People Group of the Week - Ryukyuan of Japan,0
"  The Rise of Hindutva: Narratives, Visualised Communities, and the Hindu Nation",0
  Top 100 Indian Movies of All Time - Charulata,0
  Unfinished Agendas of Radical Islam: the Global Gameplan,0
"  r/CoronavirusDownunder random daily discussion thread - 18 September, 2021",0
  Daily Insurgency Brief:  Suicide bombings in Bangladesh and Afghanistan and more  Nov. 13th 2010,1
  I reviewed John Green himself in The Anthropocene Reviewed Style! I'd love it if you guys read it.,0
  [Y Ddraig Goch] Not Just the Winter Olympics - The Rise in Boycott Politics and the Future Expansion of British Sporting Boycotts,0
  Covid DD part 2: the economy,0
  A History of Hype: TODAY IS THE FIFTH OF AUGUST,0
  Local newspaper wouldnt publish this. Im sure you can guess why.,0
"  Analysis: Mohammed Shami, the most underrated T20 bowler in the world",0
"  Words on the street that world war 3 is getting started in order to exterminate all humans : Information is power, but like all power, there are those that want to keep it for themselves",0
  [Tumblr] Sing a Song of Sixpenceee: The Tale of Fake Therapy Scams and Child Slavery,0
  The Other Pandemic: Human Trafficking,0
  Unreached People Group of the Week - Pashayi of Afghanistan,0
  Someone suggest me a well-licensed OCD therapist in Bangladesh,1
  How would you guys rate my parents and childhood?,1
  [EVENT] Bangladesh Genocide Tribunal,0
  Mass Killers You Might Never Of Heard Of: Asia,0
  A History of Hype: TODAY IS THE SECOND OF AUGUST,0
"  Can anyone help me with this article please??(One World, one religion)",0
  Gurwinder per Muslim Brotherhood 14.01.2018,0
  R/noahgettheboat is a terrible sub,0
"  In February of 1967, a young man leapt to his death off of a London building. To this day, his identity remains unknown. Who was the Shell Centre John Doe?",0
  I'm finally taking the time to do a full write up on COVID-19 because the ignorance and lack of critical thinking by the majority of people on this site is really pissing me off. And because this sub is one of the few left that is not manipulated by corrupt mods.,1
  Detail note of india and its history with satta king 786,0
  [DIPLOMACY] ADIR-USA: 400m Angry Muslims,0
  I don't feel like this is a life worth living.,1
  This sub is too overdramatic and unrealistic,0
  The chance of a 15-year-old boy dying by the age of 50 is now higher in America than in Bangladesh.,1
  'Islamic Theology  The Root of Islamic Fundamentalism',0
  Food Insecurity in India,0
  I wish this would just end.,1
  Subreddit Stats: librandu top posts from 2020-08-24 to 2021-08-21 18:08 PDT,0
  Book summary (New Asian Hemispehere PT.1),0
"  [EVENT] Mehndi's \""Heart of Darkness\"" Speech",1
  I did it. I contacted the Canadian embassy in Bangladesh to help my escape.,0
  A080121: What is the Truth About American Muslims?,0
"  TIL there are over a lakh Rohingyas settled in Jammu out of the barely 15 lakh population there, most of them settled around sensitive army camps & highways. And intelligence states there's agency in Kolkata to send them to Jammu.",0
  Patriarchy In Indian Society [e f f o r t p o s t] (2/n),0
  Feb/5/2021: (1) General Artak on drones & draft (2) Democracy & Food index (3) Trade w/Iran to expand (4) Army news (5) Quake! (6) HRO report (7) Rumor & rebuttal (8) High tech (9) Tourism classes (10) Food $ (12) Russian dossier (13) Biggest trade partners (14) Forestry reforms (15) Buses! (16) Sci,0
  Grades affecting my mental health and other grades,1
  The Death of the Family Unit,1
  Sharing some valorant ideas.,1
"  [Table] Im Terry Collingsworth, the human rights lawyer who filed a landmark child slavery lawsuit against Nestle, Mars, and Hershey. I am the Executive Director of International Rights Advocates, and a crusader against human rights violations in global supply chains. AMA! | pt 2/2 FINAL",0
  Sharing some ideas of valorant.,1
  Unreached People Group of the Week - the Salar People of China,0
  Depiction of the poor/working class in Pakistani TV advertisement (and culture on the whole?),0
  [Rant or tensed discussion] Result day,1
"  It's like I cannot even live my fucking life, for me myself and I. it's like I have to drop dead the rest of my life and give up my life as a transsexual woman legally female almost 15 years ( October 4th 2006 Connecticut department of motor vehicles main office wethersfield); I am non-binary",1
  Helpline numbers : Bangladesh,0
  Bangladeshi worker found dead at Kranji dormitory: report,1
  it's a rant since I have no one to talk to and I suppose strangers could be helpful,1
"  There are over lakh Rohingyas out of the barely 15 lakh population of Jammu, most of them settled around army camps & sensitive highways. Intelligence states there're syndicates in Kolkata to send them to Jammu from Bengal borders. Rohingyas have PRC of Jammu,difficult even for Indians to procure.",0
  Introducing Superheroes League by Crypto Revolution  TOP Crypto Projects for 2021,0
  Had a falling out with my online ex last year. Just felt like sharing my story.,1
  why is female suicide rate higher than male in morocco? morocco is one of the 6 countries where female suicide rate is higher than male.,1
"  What happens if your holy words legitimise sexual slavery as punishment of being kafir, treat marriage as sale of a woman's sexual parts,advocate enslaving of non-Muslims & their conversion?Listed a few cases of Jihadi Romeos/Sexbased communal-crimes/Communal Gendercrimes from last 4-5 months.",1
  I'm suffering from serious depression & life risk,1
"  As an ex muslim, a summary of my experience being a devoted Muslim in the past",1
  Palestinian Liberation and Social Patriotism,0
"  It's been 1 year since my younger brother commited suicide. He killed himself because my parents constantly shamed him for not getting into a good University. For any parents out there, please go easy on your kids.",1
  The Myth of Tiny Radical Muslim Minority,0
  How Middle East Has Blood Of Bangladeshi Women Migrant Workers On Its Hands,0
  Suicide prevention hotlines,0
  [TUMBLR] Tumblrs numerous crowdfunded scams,0
"  \""The Myth of Tiny Radical Muslim Minority\"": Medium.com",0
"  Al Qaeda affiliate says it killed Bangladeshi blogger, group says: \""Machete-wielding attackers in the Bangladeshi capital of Dhaka killed Samad, 26, the sixth secularist writer or publisher to be killed in the city in the last 14 months.\""",0
  My life feels like a mess and now Im gonna clean it up...,1
  SKs you never might've heard of: Asia,0
"  6 dead in Texas in apparent murder-suicide after brothers made pact, police say",1
  I am tired of being weak and destroyed.,1
"  Every religion fights a final, worldwide crusade to the death. Which one survives?",1
  should i stop wanting to be happy?,1
  I will spend the coming 207 days combing through Scientific Articles compiling evidence on the effects of Porn in time for NNN 2021.,0
"  The Myth of Tiny Radical Muslim Minority""",0
